0,1,2,3,4,5,6,7,8,9,10,11,12,13,14,15,16,17,18,19,20,21,22,23,24,25,26,27,28,29,30,31,32,33,34,35,36,37,38,39,40,41,42,43,44,45,46,47,48,49,filepath
3.5997894,6.253517,5.6129403,0.9794571,-3.4351413,-4.458888,2.2850301,1.52585,0.72222537,-0.6925301,-0.39880177,0.30553252,-2.0619786,1.6226447,-0.032175604,0.39631534,0.28871915,-0.50185364,-3.2154415,1.9719217,-2.14125,0.25769272,-1.9334632,2.1807168,-0.016037552,-1.4195839,-1.0460385,-2.2159004,1.3180653,1.0286747,0.610783,0.89254993,-0.24204706,-0.8847469,1.5495272,-1.1397538,-1.2322861,0.3105508,-0.41563487,0.7759273,-0.98016304,-0.19549689,-1.4300157,-0.48707888,-0.18822257,0.32744068,0.7847702,0.31780946,-0.52635336,0.12518504,datasets\GOOD\IMG-20250215-WA0040 (1) (1) (1) (1).jpg
6.9779167,-3.4255807,0.6984362,0.58550906,-1.4624542,0.07848513,2.249449,-0.7332101,1.563756,0.23041905,0.59453684,1.4277004,0.7053523,0.8943095,-0.4202986,-1.402067,0.46335965,-3.0694993,-1.389943,-1.0910933,-0.5571302,0.6029615,0.5825066,-0.85198855,0.61814594,0.901445,2.2970421,0.025971174,1.7709955,-0.41555825,1.5413425,0.54903984,0.258935,-0.35348764,-1.1479542,-1.8797381,1.4891818,0.2804446,-0.27956185,0.7935869,-0.8128443,-0.6242095,-0.9563118,0.56870556,-0.22546531,0.022425639,-1.336277,0.42301953,2.0347495,-0.702479,datasets\GOOD\IMG-20250215-WA0041 (1) (1) (1)-XMyFGq.jpg
6.098457,4.6953096,-2.4256196,-0.77353096,0.15160891,1.8700998,1.0795938,2.8397784,0.13938782,2.0136788,0.5873229,0.8147389,4.2996025,0.89337593,-1.2679709,-0.45150715,-0.5001801,-1.7257776,-0.9216085,1.6021188,1.6007783,-1.4480163,0.14985223,1.1866754,0.051487897,0.12870182,-0.18819858,0.19228274,-0.627429,-1.3695716,-1.0942107,1.1671901,-0.98564863,-1.031653,-0.31620896,-1.1017369,-1.5440047,1.3609674,-1.2872899,-1.4553078,-1.1943249,0.3845624,1.7819886,0.37275094,-0.83191115,0.5038852,-0.64004177,-0.495647,-0.26142457,-0.24319778,datasets\GOOD\IMG-20250215-WA0042 (1) (1) (1)-PDLjJl.jpg
11.627639,-3.7173154,-1.4509547,-0.912547,-0.06752747,0.11906969,1.0251886,-2.0001578,0.8585061,0.17530338,-0.5188507,-0.9518985,-0.17797244,1.3498437,0.47711307,-0.63466114,3.3601813,-0.21308768,2.4840162,1.8064637,-0.4090045,0.45509624,0.48368916,-1.3236662,-0.89066464,0.79498357,-1.0980216,0.14458185,-0.45848116,0.08600767,-0.4426795,-0.80548257,-0.31314448,-1.0226604,1.9802103,-2.1546404,1.3959436,0.40055767,-0.5632522,1.7775011,0.6538156,-0.60978335,1.7740755,-0.518558,-0.082969695,-0.6593049,1.1210512,-0.40304193,-0.04444438,-0.40773773,datasets\GOOD\IMG-20250215-WA0043 (1) (1) (1)-bPeVId.jpg
6.0386515,4.8678093,5.566137,2.7947273,-2.7916796,-2.8279443,3.605792,2.1453915,0.8615972,-1.360025,-1.9731399,1.3427957,-2.978107,3.953465,-1.4668565,-2.78337,1.3049054,0.27046952,0.71741325,-0.959511,-0.03300681,0.034909297,2.5820327,1.1223599,-0.1873476,-0.5642645,1.3702371,-0.05620458,-0.35292614,0.9420384,-1.6661496,-0.24642152,1.1639286,0.46406433,0.63412154,0.9337538,0.3862523,-1.5824159,0.26654622,-0.6342937,-0.16537775,-0.4778167,0.4623989,-0.5594831,0.020594921,0.045700043,-1.6333793,-0.81159717,-1.1121558,-0.7607498,datasets\GOOD\IMG-20250215-WA0044 (1) (1) (1)-nwwa0M.jpg
7.253936,2.933076,0.5000385,3.8906534,1.2826895,-3.9275162,-4.5735245,5.044828,-0.6304462,-3.651133,1.2777151,-4.851192,0.3035401,0.90088636,3.5212536,-0.18809053,-1.2895254,0.18825586,1.6003517,-4.656901,-0.05095939,0.43840417,0.59967154,0.76436836,-1.0487489,-0.8072248,-3.0022275,1.4550585,-0.069150895,0.28392637,0.64340556,0.476335,-0.51425964,-0.027030809,-0.70549226,-0.98898053,-0.69716096,0.06841193,0.022092393,0.90607095,-0.06743706,-0.46981165,0.10111809,0.18393463,-0.38309288,-0.3609711,-0.8259346,-0.117940284,0.396102,0.4421924,datasets\GOOD\IMG-20250215-WA0045 (1) (1) (1)-ugD5e2.jpg
8.783806,-2.8078537,-1.7919917,-0.19156778,-0.077275,-0.97318894,0.6612348,0.25350955,-0.55420065,-0.92813027,-2.3368807,0.9616199,-1.3756285,0.9610376,0.9444783,-0.5811173,-0.6667563,-0.113068566,-0.6172251,0.9558806,1.2572678,0.6083735,-0.81880933,0.8302111,-1.9925507,0.02108638,0.74614215,-1.3002894,-0.20065688,2.5825996,0.4960648,0.44871134,-0.79826796,0.67948395,-2.6358,-0.62751347,1.0632726,0.08267663,0.54769367,-0.98147553,-0.23854817,2.1385138,1.4332737,0.45093504,-0.22667272,-0.1057607,0.58707446,0.1457923,-0.1319571,-0.41883257,datasets\GOOD\IMG-20250215-WA0046 (1) (1) (1)-rluuvF.jpg
8.263856,-0.4065767,-1.8627099,-0.08745518,-0.5457119,-1.0197064,-1.9764092,0.19942509,1.0665804,2.1516953,-0.15389127,-0.059342243,-1.4050434,-2.1377475,-1.3086221,2.2199025,1.928617,-0.52969384,1.0012062,1.3818544,1.4809446,0.9834958,-0.17721081,-3.2350729,-0.42226392,-0.012299639,-0.6781779,-1.0524974,-1.093824,-0.9524537,0.8803677,0.111047715,-0.7868786,-0.32762286,-0.13122502,0.7205886,1.1054887,-0.678231,0.5581719,-0.5710526,-0.22309785,-0.011260192,-1.0173463,-0.56709635,-0.14422837,-0.83410287,-2.0604658,-0.25838438,-0.81044865,0.43637958,datasets\GOOD\IMG-20250215-WA0047 (1) (1) (1)-CVtap7.jpg
8.829328,-0.30154616,-1.0090853,1.1673791,-0.11889862,-0.2292345,-1.613118,1.1674373,0.8006939,1.3970405,2.5946872,0.9291741,-0.08380367,-1.0076432,-3.0436633,1.9515159,2.9179316,-2.0317655,0.63477385,-0.8326707,-0.18256128,0.5238429,0.21605521,-0.8448356,0.19621219,-0.75739574,-0.63996214,-0.36426362,-0.9205086,-1.1967185,-0.13248765,-0.5586239,0.8838344,-0.74152523,0.48280323,-0.035795983,-0.1616951,-0.08162618,-0.6820177,-0.5652766,-1.9706147,0.5175287,-0.2916456,-0.93078417,0.5677309,0.11309693,0.82576597,0.33125845,0.0015548707,0.32754987,datasets\GOOD\IMG-20250215-WA0048 (1) (1) (1)-nqBEhA.jpg
6.238593,-3.9804246,-2.0558057,2.6647797,-2.1424425,-1.8161465,-1.7872638,2.9491427,-0.1178337,1.191889,5.662486,0.11030284,1.490333,-1.8392102,-3.908433,1.4716274,-0.41317624,-1.3590325,-1.0222734,-2.183659,-3.2676187,0.95660204,0.64652824,0.37280864,-3.0462158,-0.57232654,0.45953,-0.9906294,-0.75305295,-0.005844114,1.030929,-0.8781505,-0.20894746,0.04654499,-0.30390608,0.5822584,-0.39394355,-1.3966119,0.47054306,-0.34529105,0.34211195,0.24436729,0.62125915,0.5679573,-0.45162278,-0.0213071,0.9672597,-0.19682208,-0.14135513,-0.4149882,datasets\GOOD\IMG-20250215-WA0049 (1) (1) (1)-Ep3AVq.jpg
8.002595,-0.046944987,3.0259774,0.24183966,-0.23386039,-2.0221572,-0.8344849,0.7535449,0.8187896,-0.206628,-0.73039454,0.90479565,-0.29695174,3.4980788,-2.4526694,-1.3477219,0.8318821,-1.8304676,0.60014087,0.22276627,-0.17236592,0.15625884,1.4017254,-2.462533,1.3385565,-0.38275382,-2.143424,-0.25862017,0.6879056,0.61204594,-0.5294124,-0.8190662,1.1043394,-0.22701453,-0.3294846,0.81538665,-0.09688389,0.8795345,-1.0781287,-1.1266962,2.6435897,0.085452355,-0.26323918,1.7299684,-0.53739995,1.0704584,0.61750937,0.12352762,0.60976064,0.7375995,datasets\GOOD\IMG-20250215-WA0050 (1) (1) (1)-3MVVyg.jpg
8.689975,-4.631493,0.080195054,0.86058813,-1.7541906,-0.19512582,-1.9925696,-0.8940775,-0.12287884,-3.5401134,5.8052588,0.3718066,1.4914262,0.5847903,2.602955,-3.882097,1.7588454,1.6136122,-1.3746574,0.9217099,-1.31786,1.3764768,-1.2411397,0.4156977,0.53867924,1.9269482,0.21562001,0.52153563,-0.43671536,0.12931708,-1.2649289,-0.7890146,-0.20284674,-0.24006103,-0.610524,0.4447449,1.3217201,0.77678955,0.4321914,-0.36105025,-0.9052374,0.47275424,-1.1795224,1.2712253,1.0557332,-0.03846768,0.06098903,0.35232893,-1.0648203,-0.059081934,datasets\GOOD\IMG-20250215-WA0051 (1) (1) (1)-WuzwEu.jpg
11.385928,-3.7147083,-1.6691285,0.47373864,-0.72317964,0.20635863,-2.5173914,0.39725792,-0.64963585,-1.9887908,3.899503,1.9432547,-0.86137265,0.36154813,2.0561712,-1.5038716,2.0903502,2.3063717,0.39667997,2.7389786,1.0442873,0.5218592,-0.4923351,0.12734313,-0.25969288,0.5133478,-0.5186614,1.6790303,-0.37916866,-0.45275933,-0.46438274,1.1989368,-0.6422009,1.0417296,-0.49108782,-0.2374342,-1.3882087,0.05274125,0.1629119,-0.8523499,0.85373694,-0.93669415,-0.16747575,-1.8289706,-0.91054845,0.56152356,-0.1556034,0.41524276,0.20442721,-0.24671848,datasets\GOOD\IMG-20250215-WA0052 (1) (1) (1) (1)-n1lx73.jpg
7.4671392,-5.22054,-3.0039613,-4.0246973,0.549353,0.24037834,-0.83655214,-2.2050245,0.20149204,1.8044167,-2.6018546,-0.61083496,-0.77171767,0.96265876,-0.7021932,0.33870405,-1.9687165,0.6438598,0.3093683,-0.7389591,0.95547503,1.879845,-0.99090517,1.3878373,-0.0053323796,-1.1249515,-0.36176032,0.8595667,-1.0491256,-0.04680954,0.002816651,0.84416544,0.7665951,-0.22386837,1.0972735,0.58124125,-0.11776977,1.3192735,0.6425673,-0.13935938,-0.7261846,0.0017859561,-0.54473937,0.8001417,-0.30541107,-0.5835781,-0.19177425,-0.8106716,0.25792047,0.12017323,datasets\GOOD\IMG-20250215-WA0053 (1) (1) (1)-ZWBhUN.jpg
8.396562,-4.5158405,-1.9434733,-3.1242497,0.2630346,0.28011933,-1.0797358,-2.4683588,-0.118605025,2.485343,-2.9501147,-0.69985944,-0.2693121,0.6942258,-0.9480124,-0.8645783,-0.6678073,0.6616216,0.5712798,-0.7379485,-0.32802328,1.7022732,-0.6850088,0.10417996,0.05805213,-0.45206347,-0.2984812,0.4459263,-0.7334219,0.16553476,-0.13151555,-0.062158056,0.39844596,0.42830497,1.0420014,0.015181987,-0.26004323,0.94727385,0.5579262,1.1195829,-0.4910437,-0.09261022,-0.5826083,0.639015,-0.7414374,-0.13485971,0.5122023,-0.6358096,-0.09036558,-1.2589102,datasets\GOOD\IMG-20250215-WA0054 (1) (1)-F309XW.jpg
8.408253,-5.8886576,-2.336142,-2.583256,0.38713902,-0.025925566,-0.19178362,-1.0307072,0.86850506,1.2019998,-2.1111221,-0.67413974,-1.2663832,1.0839005,-0.16870373,0.022509381,-0.8057747,0.4711773,-0.36512724,-1.0544403,0.7466925,1.8544899,-1.1907189,1.1174307,0.14102545,-1.706514,0.8712987,-0.45540377,-0.7179615,0.04426424,-0.05558526,0.6184633,0.44477588,1.0579282,0.7299903,-0.104539536,0.63219994,-0.68864435,0.58724046,-0.2253287,0.104356505,0.048079856,0.34336042,-0.22739027,-0.85342246,0.6266106,-0.20511585,0.88479006,-0.37170517,1.6326144,datasets\GOOD\IMG-20250215-WA0055 (1) (1) (1)-My4kmh.jpg
4.1876917,4.242567,-2.4860628,-0.906191,-1.4755157,1.874874,4.6881046,-1.8117278,-1.2117975,-5.069325,1.1490886,-1.6652503,2.2660983,0.90381235,1.4673091,1.3642862,0.6714305,-0.5765909,-1.366567,0.25370845,-1.6597688,-1.2301257,0.6452566,0.56246394,1.325073,0.2097353,-0.565998,-1.5132986,-1.6156294,-1.5016711,1.5934455,2.2048285,0.0159949,1.6977234,0.3230395,1.3800488,1.7894557,-0.14216189,0.607563,-0.36871937,0.20898066,-0.80502456,0.33953738,-0.084951945,-0.037180804,0.16313674,0.7616971,-1.8076319,0.66269743,0.47980136,datasets\GOOD\IMG-20250215-WA0057 (1) (1) (1)-5P93Mf.jpg
5.962515,2.4948838,-2.1126235,-1.3633443,0.07129655,3.2027395,4.1955767,0.13736351,0.025343623,-2.252981,0.31528702,0.43654907,2.476122,2.5198524,1.3288229,-0.86835825,-1.1160537,-0.88916266,2.5071166,0.53041977,-0.12160212,1.5625643,0.44026428,1.4759471,1.616679,-0.014385353,1.7295806,0.9181323,-0.7793125,-0.8097983,1.6054604,-1.1139846,-1.2439445,-1.3149047,1.2238966,0.7282527,-1.4391047,-1.9684668,-0.5117302,-0.23401013,0.387416,1.236051,-0.3275164,0.30387852,-0.43025905,-1.7087499,0.020777743,1.0934825,0.41393083,0.17687649,datasets\GOOD\IMG-20250215-WA0058 (1) (1).jpg
6.922219,-4.4444976,-5.234501,-2.7526557,-1.4023168,1.5317297,2.202913,-0.23217846,-0.8185784,-1.9294116,3.4199212,0.057922136,-0.9159905,0.3899778,-1.1811663,2.1171718,-3.0943074,-0.45778158,1.4636914,-0.5430777,2.0520291,-0.5209418,0.7638691,0.8472798,1.2490793,-1.4592301,-0.06919844,0.08310087,0.5424626,0.031145446,1.5851732,1.0997504,0.7167342,-0.76165277,-0.49466908,0.27681166,0.57085145,0.8212194,-1.4311812,1.4784029,0.8609315,-0.053732637,0.3468549,-0.16311699,1.7623028,1.1264843,-0.4961463,0.7487429,-1.6909199,-0.46887252,datasets\GOOD\IMG-20250215-WA0059 (1) (1) (1).jpg
8.57102,-0.31026658,-1.3784399,-0.6332626,1.7128187,0.5125388,0.20741642,0.3371725,0.24376968,0.48433065,-2.0456018,-0.7038362,-1.9063082,-0.366702,-0.92952895,1.3865054,0.37961793,0.6973981,1.2136971,-1.0169859,-1.074653,-1.7350547,3.4188828,0.46117356,2.177183,3.218182,-0.26880363,-0.22215395,-1.5498471,2.259903,-0.4936022,1.0407996,1.2759358,-0.1367262,-1.4295456,0.5206246,-0.8925754,0.62961835,0.0062125833,-0.042423666,-1.7726403,-0.47557655,-0.4297637,-0.58211493,0.2269851,-0.57643235,0.83376765,1.0623727,0.36018983,0.39955804,datasets\GOOD\IMG-20250215-WA0060 (1) (1) (1)-U8VrJj.jpg
3.8766563,2.368575,1.8637025,-1.9655468,-3.7092686,0.99066025,2.7136178,-0.5661255,2.754753,1.1484662,0.29765788,-2.2927437,2.6261413,0.023673737,0.19028285,-2.3747838,-4.420945,3.3554938,2.639218,-0.317542,0.7220828,-0.042810835,1.3045975,-3.8788342,-2.0412657,0.7812658,-0.090237685,-2.8159833,0.82996213,0.35561696,-0.22423458,0.81351376,-1.5641361,0.68237484,0.6867583,-0.596354,-0.80603033,-0.17482102,-0.1658623,-0.43424764,-0.4926766,0.18579037,-0.87988675,-0.19842058,0.7892111,0.2475136,0.35400295,-0.19274251,0.040813483,0.04363746,datasets\GOOD\IMG-20250215-WA0061 (1) (1) (1).jpg
8.818052,-5.2870345,-0.95441425,0.17847632,-1.5406743,0.5950113,-1.4557134,-0.9021453,1.2504264,-0.83291113,3.5785522,2.6842263,-3.5608633,-1.3606771,0.20824729,0.9982746,-1.1178578,2.5281105,-0.6590578,0.025938997,2.4564972,-0.42735738,0.4087485,0.34594262,2.222438,-1.4237598,0.80209327,-1.0985104,1.7397208,-0.12572262,-0.42387575,-1.1688303,-0.33555496,-0.33389962,0.25305802,0.50603807,-1.3933924,-0.18195546,0.93017215,0.0031608946,-0.2957535,-0.0567545,0.24923114,-0.09105559,-0.16162653,0.7905139,0.1947935,-1.1400753,1.5177381,0.08656288,datasets\GOOD\IMG-20250215-WA0063 (1) (1) (1).jpg
-1.4060469,4.558986,-3.0135794,-2.211053,0.5288555,1.2551547,1.8287445,-0.98799086,-1.083734,-3.4272013,-1.3101262,1.8339992,-0.7621859,0.5464453,-1.9025506,-1.1369506,-1.2960776,0.73425317,-2.544,-0.98832804,-0.656291,0.17644794,-0.9079446,-1.8454155,-0.42479846,0.708728,-0.36820224,0.4408159,0.26838097,-2.0661907,0.67032766,-1.8548014,1.155732,1.9007666,-0.1143484,-1.1763945,-0.8360959,1.6225175,-0.049272895,-0.44702807,-0.7434654,-0.6898123,0.37700102,0.61824536,-0.14383715,-0.7259075,-0.42218813,0.44080308,-1.0437276,0.98513293,datasets\GOOD\IMG-20250215-WA0064 (1) (1) (1)-312WKn.jpg
5.1775393,9.197831,0.1652754,3.6441681,2.835148,2.3747458,-1.4554931,1.030198,-2.9807496,1.0679774,-1.479236,2.413785,0.23681273,-1.2048995,0.42247063,1.2272334,2.3894758,2.5234704,1.1047511,-1.4983635,-1.7247189,0.51337403,-1.2092751,-1.6089163,0.47020373,-0.870386,1.8466233,1.7915176,-1.1108093,1.1877372,0.25754595,1.1164457,-0.91328883,1.4313374,1.6585009,-0.39427388,-0.019233001,-0.44158533,-0.6464325,0.3177442,-0.61882097,0.53433836,0.39892066,1.1749426,0.9892149,1.9017556,-0.2821479,0.22264387,0.45614752,-0.21557637,datasets\GOOD\IMG-20250215-WA0065 (1) (1) (1)-j72Vz6.jpg
2.8610716,8.381054,-2.8465543,-0.65019304,0.74385303,2.0592222,1.080323,2.1921897,-1.9646304,1.7824427,0.4261592,2.9495366,2.8069792,-2.2872305,-0.47547823,0.3049936,-1.0606644,-0.85502297,-0.2967442,1.3326977,2.4083612,0.019905902,-0.30896977,1.062036,1.301187,1.9897627,-2.379931,-0.9243788,-1.302494,1.9171314,0.47094718,-1.5733951,0.54786164,-0.3780471,-0.11509888,-1.7185738,0.23842593,-1.3879366,2.1082952,1.0206244,0.6590071,-0.46929362,-0.7250636,0.60946584,-0.5128589,0.7448027,-0.5282722,-0.35217372,-0.2712457,0.10245171,datasets\GOOD\IMG-20250215-WA0066 (1) (1) (1)-OFSqZp.jpg
4.52578,5.4943557,1.220609,0.92876136,-3.3867385,-1.7129718,2.1496477,2.251144,3.5572503,3.0888073,0.029170364,-1.143806,-1.7489867,-0.11424159,-0.71069914,-0.6242543,-0.07303908,-0.32053939,-0.084574275,1.4778299,2.3271754,-1.4726863,-2.0951073,0.7145981,-0.82579505,-1.027769,0.38074043,1.5981077,-1.9086219,-1.0044625,-1.472922,-0.52928895,-0.33535725,0.6965513,-1.6299653,0.8540146,-0.4728325,-0.42021894,-0.035527255,1.2081515,0.18165395,-1.0116277,-0.07506347,1.2401001,1.8824958,-1.0708936,0.73435616,-0.42532152,0.7272089,0.3221143,datasets\GOOD\IMG-20250215-WA0067 (1) (1).jpg
6.349313,5.808307,2.3427048,3.0829058,-1.8404635,-3.4329545,0.36501783,1.0915806,1.979754,0.3692358,-1.5132458,-1.1939354,-3.7848976,-0.7285364,1.4820992,1.6068127,-0.6617406,-0.541781,-0.34225953,1.9422438,-0.09288522,-1.7327868,-0.535079,-1.9634291,0.39454132,-0.56002295,0.19732185,1.833058,0.09115061,-1.6987591,2.09825,1.4362478,0.5510666,-0.33146724,-0.41417712,-0.59596735,0.26839364,0.16265027,1.284437,-0.5559233,0.72374773,0.95743525,-0.13378058,0.037970737,-0.3963541,-0.12161378,0.3812562,0.9335875,-0.17318699,-0.8727994,datasets\GOOD\IMG-20250215-WA0069 (1) (1).jpg
8.425628,3.6848454,2.7513022,3.1574845,3.010088,-0.18352568,-3.819148,2.5204055,1.5185777,0.26069364,-1.5620458,-1.3845972,0.801515,-1.543538,3.422801,-0.31555355,0.47137147,0.90202665,0.13819383,-2.3855777,1.4130583,-1.5221245,-1.0368252,-0.27145177,2.9210594,0.23528029,1.0733373,-1.893791,1.7738118,-1.4231652,-0.41742033,-1.2127879,0.6981837,-1.3750671,0.5732858,0.2507117,1.0674921,-0.068778604,0.105616055,-0.5142903,-0.34266025,0.8275932,0.6086425,0.25654593,-0.05962492,-0.37233955,0.7099597,-0.5461216,-0.81073594,0.050116684,datasets\GOOD\IMG-20250215-WA0070 (1) (1).jpg
9.464643,-1.7426262,-2.2934325,-3.6564238,2.4934607,-0.647303,-1.460248,-3.4298897,-1.7794025,2.1410644,-3.6756637,-1.5476274,0.9185627,1.0145434,0.43757388,0.66244864,-0.8160093,-0.99973726,-1.0793588,0.44489506,-1.2365887,-0.7175627,0.041907866,1.3283886,-1.1924437,1.3174387,-1.5330377,2.2503786,1.5509605,-0.24228342,0.4112033,-0.26305133,-0.06300674,-1.0330244,0.19712637,-0.14536746,-0.013802834,-1.1909038,0.12652509,-2.3541632,0.388037,0.5434582,-0.99761695,-0.54934996,1.8191639,0.63945574,0.0712306,-0.9250878,0.15998915,-0.14344168,datasets\GOOD\IMG-20250215-WA0071 (1) (1)-8aWu8C.jpg
10.277645,-2.8368132,1.5451001,-0.48356348,0.37413454,0.5444191,-2.061102,-1.8655249,0.8968222,3.7554111,-0.9402121,1.3998841,2.53115,0.19359683,1.5567368,-1.9535367,0.36506194,-1.7288965,-1.2376986,-0.8827076,-1.2162521,-1.8092966,-0.514635,0.68389666,-0.59081817,-0.189993,1.2266618,-0.94675714,0.36701742,-0.43383473,-0.80874115,0.37068334,0.375168,0.5385233,-0.34007797,-0.6953106,-0.24998227,-0.6209366,-0.13695237,1.2612591,1.0870342,0.04118816,0.577927,-1.3285728,0.91146827,-0.046594165,-0.47505257,0.52739376,0.22061718,1.867747,datasets\GOOD\IMG-20250215-WA0072 (1) (1) (1).jpg
9.818493,-1.9145745,1.5097181,-1.6994427,0.8089682,1.1898681,-3.6180787,-1.6967772,0.38826844,3.508904,-1.2731161,0.20938562,3.1934621,-1.0164554,0.63832366,-0.51462907,0.11595838,-0.46971014,-1.3319645,-1.0748168,-1.237123,-2.5971408,0.5804879,0.25373885,0.0823446,0.029590892,0.9197396,-0.48321557,0.26375967,-0.7605741,-0.013473834,0.31571072,0.21420376,1.6756731,-0.44327715,1.026867,-1.2364025,0.11375471,0.12718837,0.8436831,0.8814639,-0.5531472,-0.5490471,0.16149212,-0.91981554,-0.28744322,-0.19479088,0.017129058,-0.86351115,-1.692534,datasets\GOOD\IMG-20250215-WA0073 (1) (1) (1).jpg
4.058557,7.452198,-3.1805844,0.024492076,3.0553362,1.6275117,-2.0866423,3.179627,-4.5246816,-0.5921987,-0.11289342,3.1686022,0.7819801,-0.47985682,0.22010817,0.23078457,0.5596027,0.18617831,0.79685473,0.9097773,0.6947378,1.6865356,-1.2501926,0.073600076,-1.5487492,-0.5085533,0.35097933,-1.6005013,2.3109875,1.5452104,0.9522438,0.36431924,1.8015876,0.5445224,0.2940231,1.1051706,-0.16330852,1.0015832,-0.3023796,-0.6547158,0.7482317,-1.0866859,0.3765193,-0.58711797,1.1227633,-1.869476,0.118533015,0.168973,0.60634565,-0.531809,datasets\GOOD\IMG-20250215-WA0074 (1) (1) (1)-tQBVsx.jpg
2.35493,3.5211515,-3.794086,-2.719764,2.9712539,2.1002436,3.8668454,0.79721075,-2.1069822,-2.3774445,-0.6847365,-1.624738,1.2628483,0.604186,-1.8385639,1.4708916,1.4385955,1.5670669,0.5951072,-1.2442847,-1.4819888,-2.1285977,-1.928825,-0.28105485,-1.4621744,-1.7931124,0.77992797,-0.6980123,-0.08786007,0.19722103,-2.8524644,0.19695419,-1.2182747,-2.7270412,-1.0301045,0.66346335,0.8605246,1.2356946,0.82890123,0.14074844,0.7865317,-0.10372728,-1.204811,-0.38804874,-0.7490496,0.21848065,-0.5071589,0.48798415,0.37664315,0.0809003,datasets\GOOD\IMG-20250215-WA0075 (1) (1) (1)-8Ert1C.jpg
9.619085,-2.7907681,-0.15012513,-1.0513805,0.20468685,-0.67466813,1.2747124,-2.9254487,-0.66528136,-2.2135103,-0.8672931,-1.0814483,-3.6396568,-2.6658084,0.38724053,4.3893795,0.13875249,1.4383472,-2.0180357,0.96658194,-0.779306,-1.5291731,0.5325493,0.78006,-0.5432124,1.7739824,-0.8950836,-0.70075864,1.3439361,0.4790229,-1.1133193,-0.8899596,-1.990686,0.74712664,0.90190476,0.24360895,-0.10217621,-0.8841186,-1.6041658,0.12518717,0.34273386,-0.34669712,0.70933384,1.4753039,-0.35743734,-0.8593875,-0.95517623,0.64084417,0.093921766,0.069813706,datasets\GOOD\IMG-20250215-WA0076 (1) (1) (1).jpg
2.495179,3.0563765,-4.4863796,-1.8468796,2.8656685,0.2547867,4.135207,0.13139337,-1.6145246,-3.1463284,-1.3099313,0.36228868,-1.0319526,0.5954983,-0.9266272,0.6478972,-0.29329172,0.24205917,0.52796876,-0.79635555,-0.23321684,0.38707235,0.29582435,-1.0138534,-0.39084303,-0.184082,0.4353967,1.6414055,1.7289675,-1.2989188,-0.7686922,-2.4054754,0.22022058,1.3730377,-1.6579643,-0.4111911,-0.39538208,-1.0148529,0.2614152,1.1722782,-0.3896597,0.71081656,-0.40744478,-1.322365,-0.42567703,0.6718661,1.0589662,-0.47852778,-0.19408041,-0.2605861,datasets\GOOD\IMG-20250215-WA0077 (1) (1) (1).jpg
2.6144032,5.4430623,1.7054924,0.99121416,-3.6172154,0.7280809,0.7488889,0.54588467,-0.35390437,2.7906728,2.3445067,1.6407381,-1.3934104,-2.947531,-0.48088565,-1.9178028,-4.1050344,1.11748,-0.6424441,-0.0037236284,-1.1313984,-1.398154,0.94328636,0.5292218,-1.6028415,1.3552957,0.470987,3.0934596,0.5701572,0.50952584,0.23118094,-0.5993847,0.4291817,-1.1628004,1.7255658,1.2382948,1.9039241,1.1997678,0.49941036,-0.08308973,-0.0818429,-0.13817038,0.71356666,-0.73376125,-0.84612674,0.122923695,0.10055217,0.26165077,0.34023327,0.6975663,datasets\GOOD\IMG-20250215-WA0078 (1) (1) (1).jpg
-5.5464144,6.9936156,-1.6010687,-1.4412509,2.2523963,1.3750275,-3.368231,-1.1041325,-1.51286,1.2810792,-1.1105957,3.21804,-2.3142815,-1.3884436,3.6806476,-0.7787019,-1.661421,-0.17857474,-1.0081923,2.082603,-1.2449543,3.3964598,3.361033,-0.034372736,-1.1594976,-0.9410674,-0.541661,-1.0153073,-0.6327231,-2.0519323,-1.4264905,1.1824995,0.31222194,-1.1467186,-1.2735074,0.75621927,0.45833483,-0.5686045,-1.3897096,1.2563063,-0.1000417,0.4370086,-0.4728724,0.46727633,-0.5040233,0.22797473,0.34664685,-0.13628742,-0.05728686,0.22101425,datasets\BAD\IMG-20250215-WA0000 (1) (1)-b7kCjM copy.jpg
-6.1761246,-4.7916756,2.649393,1.2566004,2.970792,-6.1141806,3.5124981,-1.0168626,-3.7696583,1.3817557,0.215972,2.0860996,0.7799966,-0.58489895,-0.028902806,0.26200017,-1.3596269,0.5520308,-1.3882419,-0.5607614,-1.171929,0.40250447,0.10606159,-1.5880561,1.8119245,0.00346036,-0.29510105,0.15661089,-0.2889516,-0.11830239,-0.4852677,1.0787648,-0.982158,-0.89576536,-0.6011046,-0.21839829,-0.2907126,0.11110489,1.0159968,0.5494938,-0.078473255,0.0612306,1.1997824,-0.4310038,0.334361,-0.7049621,-0.0764419,-0.5210113,-0.44405723,-0.11502034,datasets\BAD\IMG-20250215-WA0001 (1) (1) (1)-1RPAkJ.jpg
-5.8208528,1.402193,1.715049,7.4889245,-0.5720666,3.4116776,-0.21451935,-3.1257396,-5.320825,3.4850397,2.0254622,-4.6154556,-2.3306668,2.5128925,-1.507543,0.10772872,-1.2913494,0.11322739,-0.017596543,-0.19594522,0.37203604,0.8060606,-0.94265324,0.88143265,0.27292827,1.0675713,-0.2761761,-0.7860081,0.51103985,-0.8560625,-0.87190914,0.20458467,0.69691414,0.380718,-0.3644052,-0.9234566,0.6700255,-0.8149397,0.1371618,-0.08530152,0.10667994,0.28080246,0.08158552,-0.13331985,0.17784727,-0.20320404,0.10242216,0.13439333,0.10926321,-0.10319331,datasets\BAD\IMG-20250215-WA0002 (1)-5H80iS.jpg
-7.8226933,-1.6909552,-3.9116347,-0.5218731,3.4119618,2.0637066,0.18438531,3.969732,4.091342,1.7188209,-0.0039041445,-1.7380658,0.30302796,1.4710919,-0.02547361,-0.21377467,-0.33753103,2.682767,-3.738717,0.20340489,-0.09446127,0.35384697,0.09771018,-1.1070522,0.28216025,-0.013778949,0.2262418,0.42924014,-0.31305933,0.96496814,0.48707792,-0.0360964,0.52324754,-0.77251804,-0.18137525,0.041668814,0.65839016,-1.2547352,-0.6327373,0.27807117,0.28166124,-0.51513857,0.23560996,-0.26511252,-0.11430597,0.14770791,0.11809796,0.22098072,0.013888127,-0.25858036,datasets\BAD\IMG-20250215-WA0003 (1)-3mzzfY.jpg
-6.1754203,2.3378096,1.3744737,-3.7319179,-3.7610593,-0.29683375,0.89795804,-3.940952,1.7340634,1.387512,1.2829466,-1.7495205,3.3809836,0.19996777,-0.15693751,0.29145366,2.4671574,2.115273,2.287365,1.7905803,-1.2403384,-0.30915135,-1.7461979,-0.36925364,-0.05120364,-0.022319186,-1.646544,0.9074685,2.5764134,0.8029747,0.82902473,0.7203223,2.213546,-0.29041266,-1.3019414,1.7033799,-0.6250764,-1.0232208,-0.02959372,1.2097763,-1.2272238,0.90598,1.0165873,0.5721412,-0.81400114,0.21142524,-0.6973153,-0.11398066,-0.067958154,0.44463918,datasets\BAD\IMG-20250215-WA0004 (1)-0EurcW.jpg
-3.9546518,-3.93877,0.43476704,0.5819704,2.3511243,-7.972064,0.025170946,1.6719012,-3.6289685,1.1118486,0.65493983,-2.2674913,4.5291033,-0.16599199,1.1019967,1.175541,-1.505755,1.6229298,1.0412976,3.8648794,0.21475843,-1.709133,1.589744,0.6230736,0.40007266,-2.6029646,0.8101209,-0.16793613,-0.9675337,0.21390134,-0.16689606,-2.143526,1.173628,1.7352272,0.44104046,-0.45427257,1.3457015,0.45539722,-0.96666896,-0.37770224,-0.63259286,0.25263184,-0.71178293,-0.1907615,-0.29204172,-0.024316207,-0.23763466,0.4738787,0.57477975,-0.011585098,datasets\BAD\IMG-20250215-WA0005 (1)-0d3XzM.jpg
-8.4370365,-1.4692503,-1.9296832,-0.21647942,-0.45980367,1.3496457,4.3396173,1.6519303,3.3369853,0.07403086,1.1282429,-3.0678315,0.54260004,-2.2819405,2.0958567,2.2841313,2.3908958,0.8476658,-0.8721409,0.1725115,-0.5385989,1.9194834,2.6080923,0.85475695,-1.1359471,0.10604456,0.9796813,-0.21655661,0.23422246,-0.65181845,-1.2795821,0.25212643,2.3317885,-0.08136289,1.0109328,-1.2124445,-1.4458135,1.218389,2.0414398,-0.33055377,1.2258087,1.0460669,0.22323929,0.5463258,0.89264417,0.04421913,-0.59507924,0.18255472,0.16834155,-0.07031283,datasets\BAD\IMG-20250215-WA0006 (1)-1iLupr.jpg
-9.994084,0.72047156,-6.183131,-4.421302,3.690576,-1.5706278,-3.5089278,-0.54144466,0.2555022,-2.2621207,1.3290383,-2.4334004,-3.3976638,-1.6678491,-1.4929897,-3.3772929,0.13794997,-1.1479036,0.897265,1.4647875,-1.6921258,-1.5457718,0.2962029,0.193977,-0.17192703,-0.6501671,1.2049499,-0.016839499,0.1353174,0.55267066,0.80030227,-0.034696728,0.2218866,-0.842014,0.11538748,-1.1324311,-0.6435354,-0.47605583,-0.6846163,-0.17915963,-0.49605715,-0.27705726,0.1320361,0.34300733,0.35984257,-0.10474834,-0.93333334,-1.6312972,0.09412094,0.1968152,datasets\BAD\IMG-20250215-WA0007 (1)-5KhtkP.jpg
-8.089267,6.0422544,-0.9709695,-1.9101224,0.18913053,-3.044111,-0.88586557,-4.451291,2.9105308,-0.3883757,3.217519,2.0552084,-0.3312899,0.46411538,0.10824431,1.018643,0.48580348,-0.11268068,-1.564271,-2.1401904,1.1416173,-0.781574,-0.6498472,-0.5456936,0.30539006,0.8570848,0.64637333,0.5692953,-1.604831,1.9973924,0.12212703,0.14716482,0.17454611,0.6490514,0.40643027,-0.39213288,-0.3240169,0.9306666,-1.5242504,0.4799631,1.3457019,2.449162,-0.9664585,-0.9934352,-0.33528674,-0.9559932,-0.061355833,-1.1212013,-0.0019877122,0.18982713,datasets\BAD\IMG-20250215-WA0008-5hJjgC.jpg
-9.698729,1.0214106,-4.135072,-4.1895475,2.7154632,-1.7875853,-2.24003,-0.11032612,-0.88194495,-0.7822654,0.57542944,-1.4018267,-3.1356046,-1.6973996,-1.7082227,-4.086391,0.26847348,-0.9144973,2.8268828,0.8464778,-0.9821907,-2.2534087,-0.5392212,0.6232611,0.6462782,0.4274631,1.0502199,-1.4725873,-0.4128258,-0.29876164,0.616425,0.7449904,-0.34113994,0.27719724,0.5174055,0.074038975,-0.34860212,-0.2082017,1.2821718,0.08317841,0.6863044,0.111289576,0.079675466,0.6031828,-0.23248667,0.31110466,0.5860655,0.9996848,-0.23372807,0.12789848,datasets\BAD\IMG-20250215-WA0009-10p9lE.jpg
-8.031671,-2.6569357,-3.147401,-0.9514694,4.287177,2.639173,0.31587005,3.834588,4.3235173,1.3070016,0.5653169,-2.2761602,0.39945573,1.5322298,-0.36994058,-0.33732134,-0.19548905,2.1898873,-3.354067,0.42199275,0.14327991,0.4110095,-0.68804187,-1.1089619,0.84342486,-0.22971426,0.1368555,0.6200307,-0.040918227,0.8964514,0.57102674,0.501311,0.13386977,-0.17862672,0.02848268,0.042455312,0.32976785,-0.9644905,-0.8148314,-0.5849064,0.06407638,-1.0792204,0.025737353,-0.107827626,-0.3474426,-0.2970118,0.5270959,0.15062068,-0.2509086,-0.09814231,datasets\BAD\IMG-20250215-WA0010-FRSNBC.jpg
-8.825274,6.661308,-2.0972087,-2.7238781,0.34597075,-4.2289453,-2.1335201,-6.9046664,1.1585298,-0.062955596,0.95159346,-0.020252729,0.8158718,1.4034159,0.29772127,0.59884375,0.99262947,0.04330236,-0.0082644075,-1.5300976,2.1694965,1.1106343,0.17187393,-0.053446315,-0.42214137,-0.50106734,0.12748134,-0.07808974,0.20138702,-0.054085117,0.037769035,-0.089868486,-0.34107548,-0.6209538,-0.04932055,-0.077983074,0.16915505,-0.4607376,0.8354238,-0.9785804,-0.39187825,-1.4360139,0.6299128,-0.23722173,-0.0917992,0.1219972,0.4605991,0.85334265,0.22229758,-0.23959151,datasets\BAD\IMG-20250215-WA0011-1F06Mb.jpg
-8.403332,6.9341288,-1.0964327,-2.7212744,-0.69110566,-3.935016,-0.8462891,-5.885476,1.5254221,0.040788338,1.3709025,-0.0949709,1.2498343,0.47732997,0.84814703,0.85360795,0.43407705,-0.65156394,-0.6761353,-1.8018996,2.053796,0.066046156,0.8543783,0.83084387,-0.6062895,0.12556018,0.5225674,-0.28690705,-0.32367986,-0.17649125,-0.5081184,-0.51638365,-0.37475908,-0.1942899,0.1398179,-0.0071393326,0.46373743,-0.18702112,-0.16636112,-0.4663113,-0.1725027,-1.050481,0.2951818,0.39027613,0.17555337,0.64722276,0.23506525,0.9624118,-0.025952,-0.6746503,datasets\BAD\IMG-20250215-WA0012-0NtRyJ.jpg
-9.293987,-1.5777425,0.17584126,-3.694491,-4.315725,0.59113014,-3.1299129,2.4546819,-0.7834255,0.100798726,-1.3267313,1.4026072,-0.5858817,1.9730154,0.85167754,1.9110239,-0.40791595,-0.5804806,0.81598765,0.458883,-1.0612978,-0.2724561,-0.042798374,-0.566249,0.50149274,0.18924138,0.6718651,-0.19344302,0.31016228,-0.1495146,-0.45959964,-0.3002861,-0.43739584,0.16405366,-0.18610708,-0.65525776,0.052343436,0.06281724,0.3820557,-0.062180184,-0.2818133,-0.22440885,0.2413174,0.18788314,0.2739177,0.043238033,0.032063294,-0.17090374,0.11152536,0.04802542,datasets\BAD\IMG-20250215-WA0013-5kbcRf.jpg
-9.733229,-1.9304883,-0.16691136,-3.9693656,-4.36503,0.90509814,-3.354286,2.5773704,-0.43813944,-0.33449048,-0.22438113,0.9752142,-0.32741132,1.9123942,1.1210122,2.4510798,-0.39757848,-0.8637727,0.6525076,0.21168275,-0.783751,-0.32466793,-0.33749112,-0.36747694,0.014720403,0.61121917,0.72074634,0.1943022,-0.13962373,-0.0055352547,-0.75059235,-0.13693376,-0.23592378,0.16781636,0.0039658346,-0.3855728,-0.04401531,-0.12411138,0.3509541,-0.1594375,0.0036834427,-0.13860269,-0.18581718,-0.06946387,0.0041268817,0.004283557,0.07448009,-0.15459187,-0.1403963,0.18590617,datasets\BAD\IMG-20250215-WA0014-4eoVHJ.jpg
-9.121494,-1.8029667,0.65814054,-4.240379,-5.048697,0.8405766,-2.3345623,2.9231665,-0.93124074,-0.43112552,0.269925,1.1544949,0.98768693,1.7895783,1.3056145,2.1820903,-1.2679993,-1.3300897,0.7308138,-0.6426969,-0.710516,-0.39710438,-0.44673657,-0.28903833,0.2944306,0.7023426,0.69193244,0.53160185,0.41901565,0.3250544,-0.66463995,0.16864075,-0.11977921,-0.11572698,0.5513632,0.14224766,0.26384187,-0.061591316,0.067391306,-0.15156202,0.3258241,-0.6485368,-0.14708105,-0.016798332,-0.12554651,-0.11280924,0.09465848,-0.26917595,-0.5638295,-0.063189484,datasets\BAD\IMG-20250215-WA0015-BfnZ7E.jpg
-9.341675,-1.6717058,0.53238165,-3.3779848,-3.8894515,1.2635444,-3.035098,2.1636796,-0.2928501,-0.059255175,-0.8147159,1.1815417,-0.40358287,1.9092463,0.7412403,2.4803753,-0.1925009,-0.26257682,1.2566692,0.49630952,-0.878524,-0.1127445,-0.46306282,-0.3808851,0.4846718,0.47306308,0.6308561,0.4210437,-0.26238906,0.27522823,-0.3062773,-0.3248395,-0.15316203,0.099814735,-0.3470982,-0.4302035,0.1926587,-0.11478859,0.14990363,0.016065674,-0.16839124,0.01913141,0.10981343,0.0754597,-0.032002553,-0.11695269,0.16467883,-0.0753708,0.043379467,0.11520998,datasets\BAD\IMG-20250215-WA0016-4BZkkb.jpg
-5.655229,-3.1194768,1.3262929,-2.0917552,-4.080294,-0.696029,0.5302186,2.3099759,-3.4934673,-0.55037886,-2.1614635,-1.0005164,-0.23375022,-1.738348,-0.8260259,-1.482608,1.4320669,1.2838129,-0.7295678,-1.1750724,2.2038448,0.25938955,0.14807796,0.2817652,-0.34923404,0.34386048,0.44465026,0.055595025,-0.20228978,-0.14269653,0.649135,-0.117037654,-0.21972133,-0.9973738,-0.53226954,0.2674928,0.3177331,0.46588898,-0.6802394,0.43803114,-0.050911926,0.2572964,0.085131146,-0.33854,-0.04684525,-0.12740478,0.19047485,-0.4221532,0.26963624,-0.19743218,datasets\BAD\IMG-20250215-WA0017-DBW5XO.jpg
-6.4827523,-2.9207623,1.3534579,-2.0449326,-3.793021,-0.8087986,0.69154656,1.8356737,-3.47183,-0.27450794,-2.5284698,-0.89412946,0.3040244,-2.2455733,-0.7143022,-1.1797838,2.3553255,1.4352993,-1.1575298,-1.0450246,1.8520304,0.32426816,0.22083588,0.58539844,-0.41646934,0.9797941,0.04980956,-0.04188822,-0.17976697,-0.7414676,0.85932934,-0.043702792,0.18792671,-0.45490983,0.15702143,0.4779661,-0.15860538,-0.13364927,-1.1542667,0.12671457,0.44896787,0.07601582,-0.26363736,0.17176998,-0.012410872,0.5146765,0.03873557,0.03801093,0.22003824,0.0666417,datasets\BAD\IMG-20250215-WA0018-5lDb2Y.jpg
-6.157047,-2.0260403,1.2963833,-2.1448884,-4.456435,-1.228976,0.8886449,1.9485215,-3.5473719,0.4836837,-2.606115,-1.0897548,0.51276875,-1.9789337,-0.6108844,-1.7247329,2.6143188,1.0473592,-0.8272768,-1.1272173,1.5413859,0.40591535,0.34574196,0.5598695,-0.05880999,0.8656818,-0.04433523,-0.15207122,-0.16039915,-0.8533337,1.0857011,0.34318855,-0.48414057,0.25774089,0.0645799,-0.11449432,-0.3240002,-0.21877843,-0.46351528,-0.25052118,0.42005655,0.22758962,-0.3288656,-0.29948393,-0.20863761,0.15062948,0.39617655,0.28047422,-0.0030042953,0.28855562,datasets\BAD\IMG-20250215-WA0019-6yuMww.jpg
-4.116457,-3.9270797,-0.81843674,4.257415,-1.5102565,5.5832815,0.7151697,-2.6325326,-2.7748806,-1.1274768,-1.0020412,-1.3021814,-0.5937832,0.48826775,4.0563226,-1.1816548,1.227253,-3.9567988,-2.4841008,0.38439125,1.4924871,-2.2900796,1.3272327,-2.4697423,-1.5597821,-2.5320282,-0.34829754,0.32091996,-0.65605015,2.1024334,0.9377552,-1.4135569,-0.25107017,-0.5771727,0.61142874,1.1891029,-1.0356827,0.26508242,0.78578174,0.30344573,-1.0434526,-0.07655585,-0.0020576164,0.094887406,0.06273016,0.21451718,0.13089679,0.18114279,-0.29239246,0.2008936,datasets\BAD\IMG-20250215-WA0020-b7oqaD.jpg
-4.102005,0.93548036,6.001622,-1.4707679,-0.8745784,4.560973,-0.3128161,-1.6619797,1.0734057,0.26575008,0.011079746,0.9135014,0.12787546,-2.3351142,-1.2268846,-0.61983883,0.35079357,0.8036619,0.60376805,-0.59869146,-1.1637809,0.44532844,1.1087271,1.0779183,1.5101378,-2.8308892,-0.9453505,0.88959736,0.5156463,0.48331648,0.18756096,-0.25048417,-1.025835,0.28149402,-0.87428373,-1.054851,0.7051989,0.3706422,0.031073531,-1.0501643,0.3164217,-0.067131236,-0.14072144,0.12223448,-0.05827203,-0.6861153,0.17179072,0.041489214,-0.2824647,0.10115651,datasets\BAD\IMG-20250215-WA0021-CneNpn.jpg
-4.695896,0.60260624,6.155878,-1.1339165,-1.2202519,4.384561,0.32583448,-1.8088058,1.410658,0.7578672,0.11778704,0.7435798,0.534769,-2.4652567,-1.1297154,-0.6616476,1.124439,0.9753238,0.67124295,-0.40394837,-0.9851116,-0.013507355,1.3530443,0.97154075,1.235325,-2.6941125,-1.3882223,0.61425817,0.34119248,0.6289744,0.22811393,0.005105341,-1.0801764,0.7030406,-0.86041474,-1.1999793,0.61424124,0.012563828,0.16396412,-0.6111064,0.17776906,-0.18966538,-0.07783655,-0.2325218,0.39913994,-0.8534221,0.18494788,0.0331299,-0.25373134,-0.03545719,datasets\BAD\IMG-20250215-WA0022-3oVtnm.jpg
-4.7318516,1.1350708,1.7225124,8.469125,-0.43013343,4.093016,-1.1899189,-2.8843796,-5.331967,2.732678,3.2524135,-3.6084673,-1.5766487,2.375399,-1.319921,0.56489426,-0.30714795,0.35930565,-0.04198527,0.5841175,0.5627815,-0.01600232,-0.24455853,-0.51234734,0.8152727,0.3796834,0.90009326,-0.14485542,-0.20102356,-0.02692992,-0.43312117,0.41551942,0.29467943,0.06398593,-0.09165239,-0.4166786,-0.6483761,0.22491316,-0.43768376,-0.1232134,0.38534543,0.05760563,-0.2695634,0.058865942,-0.5898955,-0.32033828,-0.19317459,-0.20520698,-0.029878182,0.023482837,datasets\BAD\IMG-20250215-WA0023-6SZaOL.jpg
-0.45056316,-0.44969162,8.257401,0.73572594,2.592892,0.9616293,-2.6050832,-1.0689714,1.1784223,-4.338115,-1.5300553,-1.7192847,1.4549553,-1.5561097,-2.0412548,1.0426822,-1.4238782,-0.797577,-0.719478,1.3731865,0.57985735,1.0719332,-0.6358889,0.2025594,-0.6843946,0.8509968,0.79249483,0.17104854,-0.6166996,0.17735763,-0.0014953049,0.0400846,0.045107935,0.10484097,0.053640187,0.27535337,-0.17407976,-0.20277314,-0.12684502,0.4042622,-0.075760126,0.089532785,0.07224925,-0.24458534,0.41472733,0.78470373,-0.11770431,0.19679493,0.06684597,0.38227117,datasets\BAD\IMG-20250215-WA0024-c20HHA.jpg
-0.5512906,-0.49224275,8.984366,1.4184642,2.6247735,0.5871697,-3.2836397,-0.4092285,1.8360845,-4.728712,-1.1455034,-0.7244141,1.5687124,-0.19658384,-2.1554441,0.97428405,-1.1858817,-1.119843,0.15251389,1.078457,1.3886963,1.0620574,0.11828681,-0.5025367,-0.7747672,0.60843116,1.2291205,0.13728453,-0.096902154,0.1951861,-0.19282557,0.70504254,0.26131147,-0.18881011,-0.113305524,0.32162142,-0.07586737,0.33531794,0.64588696,0.25610304,-0.14028996,0.03877356,0.45618033,-0.028226286,-0.35377404,-0.28417298,0.050343584,-0.09541742,0.3271248,0.31348297,datasets\BAD\IMG-20250215-WA0025-0A77XY.jpg
-0.13060285,-0.8667277,8.659962,0.54349697,2.414193,1.7439885,-2.3336532,-0.7891582,1.0229491,-4.04331,-0.98494494,-1.302559,1.6538405,-1.0873686,-2.0144365,0.07699501,-0.6296807,-0.7077205,-0.29141206,1.5247484,0.45322332,0.5593598,-0.1617511,0.3712473,0.10444795,0.46843746,0.32485336,0.52641535,-0.30110875,-0.14223227,-0.178942,-0.31973898,0.009045567,-0.45198756,0.3374744,0.26507497,-0.12606658,-0.05618545,0.14279047,0.7655532,0.30045494,-0.21929112,-0.09524654,-0.5348622,0.24680644,0.32903692,0.14017087,-0.1743931,-0.23220408,-0.6204732,datasets\BAD\IMG-20250215-WA0026-4cRIFl.jpg
-6.867233,-5.1603565,4.3732195,1.444864,4.253542,0.98162234,2.28554,0.2312062,1.083007,0.69589055,0.5815947,3.0776625,-1.4010988,1.4431853,1.3306309,0.37929413,0.41673,1.0873045,1.3183627,-0.23720226,0.42335153,-1.2885597,-0.058348045,0.5147126,-1.5478009,0.39013216,-0.3958528,-0.6308103,-0.53620684,-0.56051296,0.9897252,0.17292303,0.42679307,-0.025264837,-0.28241295,-0.54097396,0.10954262,0.0129459165,0.08771796,-0.3779466,-0.07752093,-0.0692888,0.08649942,0.30379954,0.028785141,0.51701266,0.040166937,-0.46057954,-0.02983648,0.39023933,datasets\BAD\IMG-20250215-WA0027-1TGwFe.jpg
-0.28838754,1.4444981,2.4400277,0.13198286,0.047708213,-0.7744104,4.434162,-0.458945,1.7429897,3.0233698,-0.41743675,-3.2598517,-1.5765319,-2.8721051,3.3331525,0.22686926,-0.72432077,-2.3369274,1.9181993,-0.043802984,-2.4510725,3.1263247,-2.2429802,0.04017492,1.2673769,0.9395124,0.938669,-0.7918535,-1.0522425,0.8766897,0.7063505,-2.1471457,-0.50198394,0.025676224,-1.3060353,0.8799182,-0.7172261,1.3687356,-1.0318258,-0.85399806,0.47365764,-1.1497744,0.51392037,-0.87128043,-0.22471012,1.035124,-0.37422574,-0.39194912,-0.10279469,-0.14852796,datasets\BAD\IMG-20250215-WA0028-5ekPxM.jpg
-4.262633,-4.589913,-0.27420658,-0.57960147,2.2469575,-0.7929868,4.980353,1.8350639,-0.3932062,-0.44373775,1.8477184,0.24265406,-0.026056549,-4.112766,1.1902909,-0.50133574,-0.4119622,-4.7076044,1.2794333,-0.87888896,1.9722881,0.34414923,-1.2088513,-0.78229296,0.05768714,0.024720877,-0.24856849,1.3686625,1.7498848,0.80779696,-2.6609998,2.2808576,0.6705516,1.2725047,0.9252936,-0.18089743,0.4549343,-1.207842,-0.72998273,-0.6290315,-0.44549197,-0.25083652,-0.6917322,0.43972546,-0.7140851,-0.27666485,0.70098174,-0.05862091,-0.3289842,0.060109388,datasets\BAD\IMG-20250215-WA0029-0W5YUM.jpg
-5.3926578,-4.756511,2.7330525,0.7274338,2.814906,-5.545371,2.2789874,-0.44130942,-3.5708683,0.7722955,0.36863178,2.4756494,1.4050984,0.6528805,-0.6274965,-0.6777956,-0.6220178,0.37622392,-1.0880579,-0.0810468,-1.0095809,1.004447,-0.04293535,-1.8156955,1.5409112,-0.026428364,-0.4423055,0.7104602,-0.10332964,0.08045058,-0.04097991,0.48576042,-0.85167074,-0.9370102,0.20937355,0.7436707,-1.1641437,-0.22559653,0.9621531,0.2588101,0.2987173,-0.1635948,0.48033455,0.3471771,0.8585387,-0.35003814,-0.16985908,0.17111449,0.09068925,0.20483163,datasets\BAD\IMG-20250215-WA0031-7heivX.jpg
-7.180234,-3.7487602,5.275589,1.601756,4.008665,0.71286345,2.1957557,0.063091435,0.72420275,1.2054963,0.9859661,3.3242366,-0.9055198,1.19867,1.028331,0.57143897,0.3413058,0.6601604,1.8456053,-0.81358665,0.37456724,-1.0979879,-0.5475676,1.0629902,-1.6945269,0.57088906,-0.2971613,-0.46978176,-0.14071728,-0.8220053,1.1561848,-0.17011157,0.015561115,-0.42126125,-0.09192601,0.101115435,0.12077362,0.1865408,-0.2568751,0.032374814,-0.07521908,-0.3762818,-0.67230326,0.3667778,-0.22763322,0.061374363,0.052246604,-0.15713596,-0.040364947,-0.10219096,datasets\BAD\IMG-20250215-WA0032-9uXuM6.jpg
-6.9300776,-3.7732105,4.9532876,1.2109194,4.846995,1.1579357,2.0189207,0.10494608,1.1992174,1.0475328,0.77001107,2.5701182,-1.0461652,1.2914062,0.9083568,0.776056,0.6774863,0.925601,1.7772033,-0.6791267,0.33709717,-1.4191103,-0.46375516,1.0125489,-1.787027,0.85873574,-0.69253665,-0.18731731,-0.36140618,-0.9104497,1.0020754,-0.4067666,0.2269347,-0.03562239,0.21411046,0.28475958,-0.14324355,0.19087747,-0.29651526,-0.13428394,-0.3831823,-0.14901775,-0.33616468,0.28433883,-0.12607515,0.03806137,-0.007919412,0.07972782,-0.1310572,-0.051376387,datasets\BAD\IMG-20250215-WA0033-08SpcI.jpg
-7.7002335,2.9225295,-1.7411333,-1.1676695,4.2274623,-0.15571235,-0.6216964,3.8735776,1.7720484,3.470714,1.1953954,-1.8604717,-0.5032477,2.605834,-1.350641,-0.23647031,1.8494694,-2.0836375,-0.44355243,0.821995,1.0138234,1.1542772,1.7375978,1.2266856,0.47218144,0.9473559,-0.7789906,0.19572265,2.2943861,-0.20917095,0.3938575,-0.23580374,-3.1643624,1.9207131,0.63646513,1.6897186,0.6844949,1.5974331,0.9802033,1.0548918,-0.4353977,0.90456676,-0.020040771,-0.35274163,0.27920035,0.28144956,-0.23813844,0.09348686,-0.008462279,0.22851731,datasets\BAD\IMG-20250215-WA0034-1NgbtK.jpg
-7.8181744,-2.0051463,-6.117328,10.046727,-2.5741863,-1.1780342,-0.33456638,-1.0605699,2.5088944,-1.0391093,-2.561249,2.0497024,1.1588918,-0.38322547,-0.70502365,-0.1380253,-0.3470835,0.028964438,0.5606192,-0.4730018,-0.55598456,0.24517272,-0.7045506,0.81240845,0.23988979,-0.18951547,-0.55530673,-0.60118943,0.44061917,0.07182121,-0.10281053,-0.159037,-0.12092591,0.15233342,0.12448314,0.44661233,0.45218274,0.094866246,-0.12735929,0.083232194,-0.046461098,0.2084035,-0.048525896,-0.14916795,-0.1233872,-0.0070543266,-0.40121934,-0.15143247,0.116695404,0.20549405,datasets\BAD\IMG-20250215-WA0036-3Z9aq2.jpg
-7.419271,-1.9945453,-7.0974545,10.560227,-1.335702,-0.4621806,-0.61099136,-0.8824544,2.8497844,-1.2568393,-2.756266,0.90325236,1.1837344,-0.81115574,-0.79534715,-0.106556125,-0.48558012,-0.098931946,0.8807385,0.54653996,-0.29802343,-0.30097765,0.031699076,0.42766532,-0.005424892,0.54292995,-0.25787878,0.33065346,0.09367451,-0.11834066,-0.3791414,0.117528595,-0.29767585,0.039367136,0.07619439,0.08750508,-0.02604908,0.29553586,-0.3942046,0.026420679,0.35649338,0.24340135,-0.23195396,0.08753601,0.13623288,0.05231364,0.20055719,0.022544855,-0.1933233,-0.17577533,datasets\BAD\IMG-20250215-WA0037-4mgGsV.jpg
-7.5435495,-2.6507556,-7.8751173,9.939378,-2.2550783,-0.55323935,-0.90287864,-1.1245596,2.3130982,-1.50568,-3.1096382,1.69798,1.3726535,-0.8694652,-0.51586914,-0.44837025,-0.26353645,0.425283,0.9602789,0.5953898,-0.54545283,-0.040018808,-0.08410243,0.6188301,0.3806189,0.07419978,-0.37993723,0.08261611,0.3837104,-0.18708228,-0.13898832,0.2738974,-0.41939464,-0.15528533,-0.05563921,0.05159125,-0.29328635,0.1662361,0.049310707,-0.04411053,0.059335966,-0.6440925,-0.19555597,-0.32517326,0.12874389,0.06285048,0.09474677,0.077808455,-0.014062132,-0.05973702,datasets\BAD\IMG-20250215-WA0038-7e7rA0.jpg
-8.094701,-1.6115156,0.9821345,-3.6992934,-0.6446476,2.4496534,-0.37819856,1.1136608,0.87421966,-1.5566227,0.13290414,0.5716492,-1.4761078,-0.11465814,0.12512119,-1.9390296,-1.6556711,-0.95798945,-0.8590062,-0.9735711,-0.9365239,-0.6830654,-1.9462963,-0.4274883,0.7337308,-0.24944139,-3.5931923,-1.3621079,-1.6232641,-0.9277743,-1.3222742,-0.49012813,0.81854755,0.7160955,0.8757499,0.67217845,0.36452952,-0.40437207,-0.14751168,-0.17043316,-0.2952873,1.3367102,0.8413338,-0.9554775,0.57605994,0.10339837,-0.93771565,1.1153504,1.4214984,-1.4554515,datasets\BAD\IMG-20250215-WA0039-BPyS9J.jpg
